amount_type.label,amount_type.code,financial_period.period,period_length.length,financial_year_end.year,item.composition,item.return_form_structure,item.position_in_return_form,item.label,item.code,demarcation.label,demarcation.code,g1_amount.sum,l1_amount.sum,l120_amount.sum,l150_amount.sum,l180_amount.sum,l30_amount.sum,l60_amount.sum,l90_amount.sum,total_amount.sum
Audited Actual,AUDA,2024,year,2024,,line_item,1,Bulk Electricity,0100,Buffalo City,BUF,0,0,0,0,0,312723462,0,0,312723462
Audited Actual,AUDA,2024,year,2024,,line_item,2,Bulk Water,0200,Buffalo City,BUF,0,0,0,0,0,23040151,0,0,23040151
Audited Actual,AUDA,2024,year,2024,,line_item,3,PAYE deductions,0300,Buffalo City,BUF,0,0,0,0,0,32238973,0,0,32238973
Audited Actual,AUDA,2024,year,2024,,line_item,4,VAT (output less input),0400,Buffalo City,BUF,0,0,0,0,0,0,0,0,0
Audited Actual,AUDA,2024,year,2024,,line_item,5,Pensions / Retirement deductions,0500,Buffalo City,BUF,0,0,0,0,0,35886964,0,0,35886964
Audited Actual,AUDA,2024,year,2024,,line_item,6,Loan repayments,0600,Buffalo City,BUF,0,0,0,0,0,0,0,0,0
Audited Actual,AUDA,2024,year,2024,,line_item,7,Trade Creditors,0700,Buffalo City,BUF,0,0,0,0,0,1035309071,35251241,0,1070560312
Audited Actual,AUDA,2024,year,2024,,line_item,8,Auditor General,0800,Buffalo City,BUF,0,0,0,0,0,2606,0,0,2606
Audited Actual,AUDA,2024,year,2024,,line_item,9,Other,0900,Buffalo City,BUF,0,0,0,0,0,268023375,0,0,268023375
Audited Actual,AUDA,2024,year,2024,"sum(0100, 0200, 0300, 0400, 0500, 0600, 0700, 0800, 0900)",subtotal,11,Total,1000,Buffalo City,BUF,0,0,0,0,0,1707224602,35251241,0,1742475843
Audited Actual,AUDA,2024,year,2024,,line_item,1,Bulk Electricity,0100,Cape Town,CPT,0,0,0,0,0,0,0,0,0
Audited Actual,AUDA,2024,year,2024,,line_item,2,Bulk Water,0200,Cape Town,CPT,0,0,0,0,0,0,0,0,0
Audited Actual,AUDA,2024,year,2024,,line_item,3,PAYE deductions,0300,Cape Town,CPT,0,0,0,0,0,0,0,0,0
Audited Actual,AUDA,2024,year,2024,,line_item,4,VAT (output less input),0400,Cape Town,CPT,0,0,0,0,0,0,0,0,0
Audited Actual,AUDA,2024,year,2024,,line_item,5,Pensions / Retirement deductions,0500,Cape Town,CPT,0,0,0,0,0,0,0,0,0
Audited Actual,AUDA,2024,year,2024,,line_item,6,Loan repayments,0600,Cape Town,CPT,0,0,0,0,0,0,0,0,0
Audited Actual,AUDA,2024,year,2024,,line_item,7,Trade Creditors,0700,Cape Town,CPT,-6108,0,-5000,0,0,-99894,-55263,-20533,-186798
Audited Actual,AUDA,2024,year,2024,,line_item,8,Auditor General,0800,Cape Town,CPT,0,0,0,0,0,0,0,0,0
Audited Actual,AUDA,2024,year,2024,,line_item,9,Other,0900,Cape Town,CPT,0,0,0,0,0,-37466742,0,0,-37466742
Audited Actual,AUDA,2024,year,2024,"sum(0100, 0200, 0300, 0400, 0500, 0600, 0700, 0800, 0900)",subtotal,11,Total,1000,Cape Town,CPT,-6108,0,-5000,0,0,-37566636,-55263,-20533,-37653540
Audited Actual,AUDA,2024,year,2024,,line_item,1,Bulk Electricity,0100,City of Ekurhuleni,EKU,0,0,0,0,0,2440033254,0,0,2440033254
Audited Actual,AUDA,2024,year,2024,,line_item,2,Bulk Water,0200,City of Ekurhuleni,EKU,0,0,0,0,0,471062592,0,0,471062592
Audited Actual,AUDA,2024,year,2024,,line_item,3,PAYE deductions,0300,City of Ekurhuleni,EKU,0,0,0,0,0,0,0,0,0
Audited Actual,AUDA,2024,year,2024,,line_item,4,VAT (output less input),0400,City of Ekurhuleni,EKU,0,0,0,0,0,0,0,0,0
Audited Actual,AUDA,2024,year,2024,,line_item,5,Pensions / Retirement deductions,0500,City of Ekurhuleni,EKU,0,0,0,0,0,0,0,0,0
Audited Actual,AUDA,2024,year,2024,,line_item,6,Loan repayments,0600,City of Ekurhuleni,EKU,0,0,0,0,0,0,0,0,0
Audited Actual,AUDA,2024,year,2024,,line_item,7,Trade Creditors,0700,City of Ekurhuleni,EKU,0,0,0,0,0,0,0,0,0
Audited Actual,AUDA,2024,year,2024,,line_item,8,Auditor General,0800,City of Ekurhuleni,EKU,0,0,0,0,0,0,0,0,0
Audited Actual,AUDA,2024,year,2024,,line_item,9,Other,0900,City of Ekurhuleni,EKU,0,0,0,0,0,0,0,0,0
Audited Actual,AUDA,2024,year,2024,"sum(0100, 0200, 0300, 0400, 0500, 0600, 0700, 0800, 0900)",subtotal,11,Total,1000,City of Ekurhuleni,EKU,0,0,0,0,0,2911095846,0,0,2911095846
Audited Actual,AUDA,2024,year,2024,,line_item,1,Bulk Electricity,0100,eThekwini,ETH,0,0,0,0,0,2087521245,0,0,2087521245
Audited Actual,AUDA,2024,year,2024,,line_item,2,Bulk Water,0200,eThekwini,ETH,0,0,0,0,0,420892083,0,0,420892083
Audited Actual,AUDA,2024,year,2024,,line_item,3,PAYE deductions,0300,eThekwini,ETH,0,0,0,0,0,190765000,0,0,190765000
Audited Actual,AUDA,2024,year,2024,,line_item,4,VAT (output less input),0400,eThekwini,ETH,0,0,0,0,0,1251387000,0,0,1251387000
Audited Actual,AUDA,2024,year,2024,,line_item,5,Pensions / Retirement deductions,0500,eThekwini,ETH,0,0,0,0,0,13290958,0,0,13290958
Audited Actual,AUDA,2024,year,2024,,line_item,6,Loan repayments,0600,eThekwini,ETH,0,0,0,0,0,0,0,0,0
Audited Actual,AUDA,2024,year,2024,,line_item,7,Trade Creditors,0700,eThekwini,ETH,0,0,61289622,229842929,0,1874012154,118029137,245711696,2528885538
Audited Actual,AUDA,2024,year,2024,,line_item,8,Auditor General,0800,eThekwini,ETH,0,0,0,0,0,3006000,0,0,3006000
Audited Actual,AUDA,2024,year,2024,,line_item,9,Other,0900,eThekwini,ETH,0,0,0,0,0,0,0,0,0
Audited Actual,AUDA,2024,year,2024,"sum(0100, 0200, 0300, 0400, 0500, 0600, 0700, 0800, 0900)",subtotal,11,Total,1000,eThekwini,ETH,0,0,61289622,229842929,0,5840874440,118029137,245711696,6495747824
Audited Actual,AUDA,2024,year,2024,,line_item,1,Bulk Electricity,0100,Mangaung,MAN,0,0,0,0,0,0,0,0,0
Audited Actual,AUDA,2024,year,2024,,line_item,2,Bulk Water,0200,Mangaung,MAN,0,0,0,0,0,0,0,0,0
Audited Actual,AUDA,2024,year,2024,,line_item,3,PAYE deductions,0300,Mangaung,MAN,0,0,0,0,0,0,0,0,0
Audited Actual,AUDA,2024,year,2024,,line_item,4,VAT (output less input),0400,Mangaung,MAN,0,0,0,0,0,0,0,0,0
Audited Actual,AUDA,2024,year,2024,,line_item,5,Pensions / Retirement deductions,0500,Mangaung,MAN,0,0,0,0,0,30949823,0,0,30949823
Audited Actual,AUDA,2024,year,2024,,line_item,6,Loan repayments,0600,Mangaung,MAN,0,0,0,0,0,0,0,0,0
Audited Actual,AUDA,2024,year,2024,,line_item,7,Trade Creditors,0700,Mangaung,MAN,0,0,0,0,0,1345060925,0,0,1345060925
Audited Actual,AUDA,2024,year,2024,,line_item,8,Auditor General,0800,Mangaung,MAN,0,0,0,0,0,0,0,0,0
Audited Actual,AUDA,2024,year,2024,,line_item,9,Other,0900,Mangaung,MAN,0,0,0,0,0,0,0,0,0
Audited Actual,AUDA,2024,year,2024,"sum(0100, 0200, 0300, 0400, 0500, 0600, 0700, 0800, 0900)",subtotal,11,Total,1000,Mangaung,MAN,0,0,0,0,0,1376010748,0,0,1376010748
Audited Actual,AUDA,2024,year,2024,,line_item,1,Bulk Electricity,0100,Nelson Mandela Bay,NMA,0,0,0,0,0,0,0,0,0
Audited Actual,AUDA,2024,year,2024,,line_item,2,Bulk Water,0200,Nelson Mandela Bay,NMA,0,0,0,0,0,0,0,0,0
Audited Actual,AUDA,2024,year,2024,,line_item,3,PAYE deductions,0300,Nelson Mandela Bay,NMA,0,0,0,0,0,0,0,0,0
Audited Actual,AUDA,2024,year,2024,,line_item,4,VAT (output less input),0400,Nelson Mandela Bay,NMA,0,0,0,0,0,0,0,0,0
Audited Actual,AUDA,2024,year,2024,,line_item,5,Pensions / Retirement deductions,0500,Nelson Mandela Bay,NMA,0,0,0,0,0,0,0,0,0
Audited Actual,AUDA,2024,year,2024,,line_item,6,Loan repayments,0600,Nelson Mandela Bay,NMA,0,0,0,0,0,0,0,0,0
Audited Actual,AUDA,2024,year,2024,,line_item,7,Trade Creditors,0700,Nelson Mandela Bay,NMA,348126366,1257667498,0,0,0,681875884,0,31856195,2319525943
Audited Actual,AUDA,2024,year,2024,,line_item,8,Auditor General,0800,Nelson Mandela Bay,NMA,0,0,0,0,0,0,0,0,0
Audited Actual,AUDA,2024,year,2024,,line_item,9,Other,0900,Nelson Mandela Bay,NMA,0,0,0,0,0,0,0,0,0
Audited Actual,AUDA,2024,year,2024,"sum(0100, 0200, 0300, 0400, 0500, 0600, 0700, 0800, 0900)",subtotal,11,Total,1000,Nelson Mandela Bay,NMA,348126366,1257667498,0,0,0,681875884,0,31856195,2319525943
Audited Actual,AUDA,2024,year,2024,,line_item,1,Bulk Electricity,0100,City of Tshwane,TSH,0,0,-608611322,-1294962244,0,-1371964654,-1060116386,-1041081319,-5376735925
Audited Actual,AUDA,2024,year,2024,,line_item,2,Bulk Water,0200,City of Tshwane,TSH,0,0,0,0,0,-345173568,0,0,-345173568
Audited Actual,AUDA,2024,year,2024,,line_item,3,PAYE deductions,0300,City of Tshwane,TSH,0,0,0,0,0,-3267005724,0,0,-3267005724
Audited Actual,AUDA,2024,year,2024,,line_item,4,VAT (output less input),0400,City of Tshwane,TSH,0,0,0,0,0,-6232855254,0,0,-6232855254
Audited Actual,AUDA,2024,year,2024,,line_item,5,Pensions / Retirement deductions,0500,City of Tshwane,TSH,0,0,0,0,0,0,0,0,0
Audited Actual,AUDA,2024,year,2024,,line_item,6,Loan repayments,0600,City of Tshwane,TSH,0,0,0,0,0,0,0,0,0
Audited Actual,AUDA,2024,year,2024,,line_item,7,Trade Creditors,0700,City of Tshwane,TSH,0,0,0,0,0,0,0,0,0
Audited Actual,AUDA,2024,year,2024,,line_item,8,Auditor General,0800,City of Tshwane,TSH,0,0,0,-11761,0,0,0,0,-11761
Audited Actual,AUDA,2024,year,2024,,line_item,9,Other,0900,City of Tshwane,TSH,0,0,0,0,0,0,0,0,0
Audited Actual,AUDA,2024,year,2024,"sum(0100, 0200, 0300, 0400, 0500, 0600, 0700, 0800, 0900)",subtotal,11,Total,1000,City of Tshwane,TSH,0,0,-608611322,-1294974005,0,-11216999200,-1060116386,-1041081319,-15221782232
